dsda,data
ut,Tue Feb 07 2023 13:29:08 GMT+0100 (Central European Standard Time)
a,Mon Dec 05 2022 18:41:32 GMT+0100 (Central European Standard Time)
sequ,Fri Jul 14 2023 09:00:58 GMT+0200 (Central European Summer Time)
sed,Sat Apr 01 2023 08:28:35 GMT+0200 (Central European Summer Time)
quia,Sun Mar 26 2023 03:05:56 GMT+0200 (Central European Summer Time)
eos,Wed Jul 12 2023 10:22:46 GMT+0200 (Central European Summer Time)
vero,Sat Jun 24 2023 10:05:16 GMT+0200 (Central European Summer Time)
pari,Fri Dec 23 2022 07:21:02 GMT+0100 (Central European Standard Time)
maio,Sun Dec 11 2022 13:22:39 GMT+0100 (Central European Standard Time)
in,Thu Jul 20 2023 05:13:52 GMT+0200 (Central European Summer Time)
reic,Wed Nov 02 2022 07:12:56 GMT+0100 (Central European Standard Time)
hic,Sat May 27 2023 11:17:46 GMT+0200 (Central European Summer Time)
enim,Mon May 22 2023 02:59:54 GMT+0200 (Central European Summer Time)
ut,Sun Dec 25 2022 23:04:49 GMT+0100 (Central European Standard Time)
sapi,Tue May 23 2023 17:03:10 GMT+0200 (Central European Summer Time)
dolo,Wed Mar 01 2023 06:11:30 GMT+0100 (Central European Standard Time)
tota,Mon Aug 07 2023 19:59:23 GMT+0200 (Central European Summer Time)
ad,Sun Oct 16 2022 19:59:46 GMT+0200 (Central European Summer Time)
et,Sat Sep 10 2022 02:58:30 GMT+0200 (Central European Summer Time)
sit,Wed Apr 26 2023 02:49:40 GMT+0200 (Central European Summer Time)
illo,Wed Jun 28 2023 02:51:43 GMT+0200 (Central European Summer Time)
cumq,Sat Jul 22 2023 14:33:26 GMT+0200 (Central European Summer Time)